{
    "optimal_threshold": -0.04021897200770835,
    "target_precision": 0.75,
    "selection_method": "Precision \u2265 75% + Max Recall",
    "validation_metrics": {
        "precision": 0.75,
        "recall": 0.8953846153846153,
        "f1": 0.8162692847124825
    },
    "test_metrics": {
        "precision": 0.763000852514919,
        "recall": 0.9179487179487179,
        "f1": 0.8333333333333334,
        "roc_auc": 0.9407065527065527,
        "pr_auc": 0.9341938789326591
    },
    "note": "Threshold derived from Validation Set using Precision \u2265 75% + Max Recall"
}